Residence,BMI_age,Breastfed,Solid_Food,Meal_Frequency,Severe_wasting,Underweight,Stunting,Wasting,Overweight
Rural,0.15275530839231546,96.05115728563914,72.22986577181209,51.266321243523315,1.805651945320715,13.004613368283092,25.999772267206477,5.872806095638466,6.589737108190091
Suburban,0.09671378606820169,95.7268129032258,74.32215843857635,53.117935606060605,1.798000768935025,13.419060657919758,24.88633264682906,6.175064119741225,6.240306305016818
Urban,0.17209714141158614,95.44426930269837,77.25151515151515,55.53897435897436,1.8162876784769963,11.232780847145488,22.006056766345665,5.7203224101479915,7.275703065619458
